{
	
	"themes": [
	
		{
			"name": "Amelia",
			"description": "Sweet and cheery.",
			"thumbnail": "http://bootswatch.com/amelia/thumbnail.png",
			"preview": "http://bootswatch.com/amelia/",
			"css": "http://bootswatch.com/amelia/bootstrap.css",
			"css-min": "http://bootswatch.com/amelia/bootstrap.min.css",
			"cssMin": "http://bootswatch.com/amelia/bootstrap.min.css",
			"less": "http://bootswatch.com/amelia/bootswatch.less",
			"less-variables": "http://bootswatch.com/amelia/variables.less",
			"lessVariables": "http://bootswatch.com/amelia/variables.less"
		},
	
		{
			"name": "Cerulean",
			"description": "A calm blue sky.",
			"thumbnail": "http://bootswatch.com/cerulean/thumbnail.png",
			"preview": "http://bootswatch.com/cerulean/",
			"css": "http://bootswatch.com/cerulean/bootstrap.css",
			"css-min": "http://bootswatch.com/cerulean/bootstrap.min.css",
			"cssMin": "http://bootswatch.com/cerulean/bootstrap.min.css",
			"less": "http://bootswatch.com/cerulean/bootswatch.less",
			"less-variables": "http://bootswatch.com/cerulean/variables.less",
			"lessVariables": "http://bootswatch.com/cerulean/variables.less"
		},
	
		{
			"name": "Cosmo",
			"description": "An ode to Metro.",
			"thumbnail": "http://bootswatch.com/cosmo/thumbnail.png",
			"preview": "http://bootswatch.com/cosmo/",
			"css": "http://bootswatch.com/cosmo/bootstrap.css",
			"css-min": "http://bootswatch.com/cosmo/bootstrap.min.css",
			"cssMin": "http://bootswatch.com/cosmo/bootstrap.min.css",
			"less": "http://bootswatch.com/cosmo/bootswatch.less",
			"less-variables": "http://bootswatch.com/cosmo/variables.less",
			"lessVariables": "http://bootswatch.com/cosmo/variables.less"
		},
	
		{
			"name": "Cyborg",
			"description": "Jet black and electric blue.",
			"thumbnail": "http://bootswatch.com/cyborg/thumbnail.png",
			"preview": "http://bootswatch.com/cyborg/",
			"css": "http://bootswatch.com/cyborg/bootstrap.css",
			"css-min": "http://bootswatch.com/cyborg/bootstrap.min.css",
			"cssMin": "http://bootswatch.com/cyborg/bootstrap.min.css",
			"less": "http://bootswatch.com/cyborg/bootswatch.less",
			"less-variables": "http://bootswatch.com/cyborg/variables.less",
			"lessVariables": "http://bootswatch.com/cyborg/variables.less"
		},
	
		{
			"name": "Journal",
			"description": "Crisp like a new sheet of paper.",
			"thumbnail": "http://bootswatch.com/journal/thumbnail.png",
			"preview": "http://bootswatch.com/journal/",
			"css": "http://bootswatch.com/journal/bootstrap.css",
			"css-min": "http://bootswatch.com/journal/bootstrap.min.css",
			"cssMin": "http://bootswatch.com/journal/bootstrap.min.css",
			"less": "http://bootswatch.com/journal/bootswatch.less",
			"less-variables": "http://bootswatch.com/journal/variables.less",
			"lessVariables": "http://bootswatch.com/journal/variables.less"
		},
	
		{
			"name": "Readable",
			"description": "Optimized for legibility.",
			"thumbnail": "http://bootswatch.com/readable/thumbnail.png",
			"preview": "http://bootswatch.com/readable/",
			"css": "http://bootswatch.com/readable/bootstrap.css",
			"css-min": "http://bootswatch.com/readable/bootstrap.min.css",
			"cssMin": "http://bootswatch.com/readable/bootstrap.min.css",
			"less": "http://bootswatch.com/readable/bootswatch.less",
			"less-variables": "http://bootswatch.com/readable/variables.less",
			"lessVariables": "http://bootswatch.com/readable/variables.less"
		},
	
		{
			"name": "Simplex",
			"description": "Mini and minimalist.",
			"thumbnail": "http://bootswatch.com/simplex/thumbnail.png",
			"preview": "http://bootswatch.com/simplex/",
			"css": "http://bootswatch.com/simplex/bootstrap.css",
			"css-min": "http://bootswatch.com/simplex/bootstrap.min.css",
			"cssMin": "http://bootswatch.com/simplex/bootstrap.min.css",
			"less": "http://bootswatch.com/simplex/bootswatch.less",
			"less-variables": "http://bootswatch.com/simplex/variables.less",
			"lessVariables": "http://bootswatch.com/simplex/variables.less"
		},
	
		{
			"name": "Slate",
			"description": "Shades of gunmetal gray.",
			"thumbnail": "http://bootswatch.com/slate/thumbnail.png",
			"preview": "http://bootswatch.com/slate/",
			"css": "http://bootswatch.com/slate/bootstrap.css",
			"css-min": "http://bootswatch.com/slate/bootstrap.min.css",
			"cssMin": "http://bootswatch.com/slate/bootstrap.min.css",
			"less": "http://bootswatch.com/slate/bootswatch.less",
			"less-variables": "http://bootswatch.com/slate/variables.less",
			"lessVariables": "http://bootswatch.com/slate/variables.less"
		},
	
		{
			"name": "Spacelab",
			"description": "Silvery and sleek.",
			"thumbnail": "http://bootswatch.com/spacelab/thumbnail.png",
			"preview": "http://bootswatch.com/spacelab/",
			"css": "http://bootswatch.com/spacelab/bootstrap.css",
			"css-min": "http://bootswatch.com/spacelab/bootstrap.min.css",
			"cssMin": "http://bootswatch.com/spacelab/bootstrap.min.css",
			"less": "http://bootswatch.com/spacelab/bootswatch.less",
			"less-variables": "http://bootswatch.com/spacelab/variables.less",
			"lessVariables": "http://bootswatch.com/spacelab/variables.less"
		},
	
		{
			"name": "Spruce",
			"description": "Camping in the woods.",
			"thumbnail": "http://bootswatch.com/spruce/thumbnail.png",
			"preview": "http://bootswatch.com/spruce/",
			"css": "http://bootswatch.com/spruce/bootstrap.css",
			"css-min": "http://bootswatch.com/spruce/bootstrap.min.css",
			"cssMin": "http://bootswatch.com/spruce/bootstrap.min.css",
			"less": "http://bootswatch.com/spruce/bootswatch.less",
			"less-variables": "http://bootswatch.com/spruce/variables.less",
			"lessVariables": "http://bootswatch.com/spruce/variables.less"
		},
	
		{
			"name": "Superhero",
			"description": "Batman meets... Aquaman?",
			"thumbnail": "http://bootswatch.com/superhero/thumbnail.png",
			"preview": "http://bootswatch.com/superhero/",
			"css": "http://bootswatch.com/superhero/bootstrap.css",
			"css-min": "http://bootswatch.com/superhero/bootstrap.min.css",
			"cssMin": "http://bootswatch.com/superhero/bootstrap.min.css",
			"less": "http://bootswatch.com/superhero/bootswatch.less",
			"less-variables": "http://bootswatch.com/superhero/variables.less",
			"lessVariables": "http://bootswatch.com/superhero/variables.less"
		},
	
		{
			"name": "United",
			"description": "Ubuntu orange and unique font.",
			"thumbnail": "http://bootswatch.com/united/thumbnail.png",
			"preview": "http://bootswatch.com/united/",
			"css": "http://bootswatch.com/united/bootstrap.css",
			"css-min": "http://bootswatch.com/united/bootstrap.min.css",
			"cssMin": "http://bootswatch.com/united/bootstrap.min.css",
			"less": "http://bootswatch.com/united/bootswatch.less",
			"less-variables": "http://bootswatch.com/united/variables.less",
			"lessVariables": "http://bootswatch.com/united/variables.less"
		}
	
	]

}
